id,original_position,operation_date_original,type_original,internal_number_original,is_origine_original,label_original,amount_original,sorted_position,operation_date_sorted,type_sorted,internal_number_sorted,is_origine_sorted,label_sorted,amount_sorted,position_diff
227021,1,2025-09-01,agios,INT_319EC0D1,False,REMISE EFFET/ESCOMPTE AGENCE DU 15 08 2025,-6017.944,1,2025-09-01,agios,INT_319EC0D1,False,REMISE EFFET/ESCOMPTE AGENCE DU 15 08 2025,-6017.944,0
227022,2,2025-09-01,agios,INT_081B8C34,False,REMISE EFFET/ESCOMPTE AGENCE DU 15 08 2025,-3314.174,2,2025-09-01,agios,INT_081B8C34,False,REMISE EFFET/ESCOMPTE AGENCE DU 15 08 2025,-3314.174,0
227023,3,2025-09-01,agios,INT_1DBB9710,False,REMISE EFFET/ESCOMPTE AGENCE DU 18 08 2025,-1929.211,3,2025-09-01,agios,INT_1DBB9710,False,REMISE EFFET/ESCOMPTE AGENCE DU 18 08 2025,-1929.211,0
227024,4,2025-09-01,agios,INT_A5757F7B,False,REMISE EFFET/ESCOMPTE AGENCE DU 18 08 2025,-6383.214,4,2025-09-01,agios,INT_A5757F7B,False,REMISE EFFET/ESCOMPTE AGENCE DU 18 08 2025,-6383.214,0
227025,5,2025-09-01,agios,INT_3A253A04,False,REMISE EFFET/ESCOMPTE AGENCE DU 18 08 2025,-861.924,5,2025-09-01,agios,INT_3A253A04,False,REMISE EFFET/ESCOMPTE AGENCE DU 18 08 2025,-861.924,0
227026,6,2025-09-01,,INT_663A19B1,False,REMISE EFFET/ESCOMPTE AGENCE REJET ESCOMPTE A,-45000.0,6,2025-09-01,,INT_663A19B1,False,REMISE EFFET/ESCOMPTE AGENCE REJET ESCOMPTE A,-45000.0,0
227027,7,2025-09-01,agios,INT_85A0D795,False,REMISE EFFET/ESCOMPTE AGENCE DU 18 08 2025,-271.343,7,2025-09-01,agios,INT_85A0D795,False,REMISE EFFET/ESCOMPTE AGENCE DU 18 08 2025,-271.343,0
227028,8,2025-09-01,origine,INT_8B982DEA,True,REMISE EFFETS/ESCOMPTE AGENCE REMISE N:1,73007.298,8,2025-09-01,origine,INT_8B982DEA,True,REMISE EFFETS/ESCOMPTE AGENCE REMISE N:1,73007.298,0
227029,9,2025-09-01,tva,INT_4E98A8B6,False,PAYEMENT EFFET 310825TVA  010396998350,-0.057,11,2025-09-01,tva,INT_4E98A8B6,False,PAYEMENT EFFET 310825TVA  010396998350,-0.057,2
227030,10,2025-09-01,plo,INT_4E98A8B6,False,PAYEMENT EFFET 310825PLO  010396998350,-0.75,12,2025-09-01,plo,INT_4E98A8B6,False,PAYEMENT EFFET 310825PLO  010396998350,-0.75,2
227031,11,2025-09-01,com,INT_4E98A8B6,False,PAYEMENT EFFET 310825COM  010396998350,-0.3,13,2025-09-01,com,INT_4E98A8B6,False,PAYEMENT EFFET 310825COM  010396998350,-0.3,2
227032,12,2025-09-01,origine,INT_4E98A8B6,True,PAYEMENT EFFET 310825  010396998350,-32434.191,10,2025-09-01,origine,INT_4E98A8B6,True,PAYEMENT EFFET 310825  010396998350,-32434.191,-2
227033,13,2025-09-01,tva,INT_D75DB2C9,False,PAYEMENT EFFET 300825TVA  010155466992,-0.057,15,2025-09-01,tva,INT_D75DB2C9,False,PAYEMENT EFFET 300825TVA  010155466992,-0.057,2
227034,14,2025-09-01,plo,INT_D75DB2C9,False,PAYEMENT EFFET 300825PLO  010155466992,-0.75,16,2025-09-01,plo,INT_D75DB2C9,False,PAYEMENT EFFET 300825PLO  010155466992,-0.75,2
227035,15,2025-09-01,com,INT_D75DB2C9,False,PAYEMENT EFFET 300825COM  010155466992,-0.3,17,2025-09-01,com,INT_D75DB2C9,False,PAYEMENT EFFET 300825COM  010155466992,-0.3,2
227036,16,2025-09-01,origine,INT_D75DB2C9,True,PAYEMENT EFFET 300825  010155466992,-150824.735,14,2025-09-01,origine,INT_D75DB2C9,True,PAYEMENT EFFET 300825  010155466992,-150824.735,-2
227037,17,2025-09-01,tva,INT_96263C5C,False,PAYEMENT EFFET 310825TVA  010155473394,-0.057,19,2025-09-01,tva,INT_96263C5C,False,PAYEMENT EFFET 310825TVA  010155473394,-0.057,2
227038,18,2025-09-01,plo,INT_96263C5C,False,PAYEMENT EFFET 310825PLO  010155473394,-0.75,20,2025-09-01,plo,INT_96263C5C,False,PAYEMENT EFFET 310825PLO  010155473394,-0.75,2
227039,19,2025-09-01,com,INT_96263C5C,False,PAYEMENT EFFET 310825COM  010155473394,-0.3,21,2025-09-01,com,INT_96263C5C,False,PAYEMENT EFFET 310825COM  010155473394,-0.3,2
227040,20,2025-09-01,origine,INT_96263C5C,True,PAYEMENT EFFET 310825  010155473394,-75717.083,18,2025-09-01,origine,INT_96263C5C,True,PAYEMENT EFFET 310825  010155473394,-75717.083,-2
227041,21,2025-09-01,tva,INT_4671A810,False,PAYEMENT EFFET 300825TVA  010396999514,-0.057,23,2025-09-01,tva,INT_4671A810,False,PAYEMENT EFFET 300825TVA  010396999514,-0.057,2
227042,22,2025-09-01,plo,INT_4671A810,False,PAYEMENT EFFET 300825PLO  010396999514,-0.75,24,2025-09-01,plo,INT_4671A810,False,PAYEMENT EFFET 300825PLO  010396999514,-0.75,2
227043,23,2025-09-01,com,INT_4671A810,False,PAYEMENT EFFET 300825COM  010396999514,-0.3,25,2025-09-01,com,INT_4671A810,False,PAYEMENT EFFET 300825COM  010396999514,-0.3,2
227044,24,2025-09-01,origine,INT_4671A810,True,PAYEMENT EFFET 300825  010396999514,-84550.497,22,2025-09-01,origine,INT_4671A810,True,PAYEMENT EFFET 300825  010396999514,-84550.497,-2
227045,25,2025-09-01,tva,INT_24CA78BF,False,ENCAISSEMENT REMISE CHEQUES TVA Bordereau No2500951,-0.096,27,2025-09-01,tva,INT_24CA78BF,False,ENCAISSEMENT REMISE CHEQUES TVA Bordereau No2500951,-0.096,2
227046,26,2025-09-01,com,INT_24CA78BF,False,ENCAISSEMENT REMISE CHEQUES COMMISSION Bordereau No2500951,-0.5,28,2025-09-01,com,INT_24CA78BF,False,ENCAISSEMENT REMISE CHEQUES COMMISSION Bordereau No2500951,-0.5,2
227047,27,2025-09-01,origine,INT_24CA78BF,True,ENCAISSEMENT REMISE CHEQUES DU 28 08 2025 Bordereau No2500951,13384.072,26,2025-09-01,origine,INT_24CA78BF,True,ENCAISSEMENT REMISE CHEQUES DU 28 08 2025 Bordereau No2500951,13384.072,-1
227048,28,2025-09-01,tva,INT_AB21A9C4,False,VIREMENT REÇU 285973   TVA,-0.095,30,2025-09-01,tva,INT_AB21A9C4,False,VIREMENT REÇU 285973   TVA,-0.095,2
227049,29,2025-09-01,com,INT_AB21A9C4,False,VIREMENT REÇU 285973   Commission,-0.5,31,2025-09-01,com,INT_AB21A9C4,False,VIREMENT REÇU 285973   Commission,-0.5,2
227050,30,2025-09-01,origine,INT_AB21A9C4,True,VIREMENT REÇU 285973   IVANOVS KA OLENA EP MANITA,25899.532,29,2025-09-01,origine,INT_AB21A9C4,True,VIREMENT REÇU 285973   IVANOVS KA OLENA EP MANITA,25899.532,-1
227051,31,2025-09-01,origine,INT_25497544,True,REGLEMENT ECHEANCE LEASING DROIT DE TIMBRE A PAYER,-1.0,32,2025-09-01,origine,INT_25497544,True,REGLEMENT ECHEANCE LEASING DROIT DE TIMBRE A PAYER,-1.0,1
227052,32,2025-09-01,tva,INT_404E41DF,False,REGLEMENT ECHEANCE LEASING TVA COLLECTEE,-0.57,33,2025-09-01,tva,INT_404E41DF,False,REGLEMENT ECHEANCE LEASING TVA COLLECTEE,-0.57,1
227053,33,2025-09-01,commission regl leasi,INT_A6A14219,False,REGLEMENT ECHEANCE LEASING COMMISSION REGL LEASI,-3.0,34,2025-09-01,commission regl leasi,INT_A6A14219,False,REGLEMENT ECHEANCE LEASING COMMISSION REGL LEASI,-3.0,1
227054,34,2025-09-01,origine,INT_2B7B1C1C,True,REGLEMENT ECHEANCE LEASING LOYER T.T.C,-1297.521,35,2025-09-01,origine,INT_2B7B1C1C,True,REGLEMENT ECHEANCE LEASING LOYER T.T.C,-1297.521,1
227055,35,2025-09-01,tva,INT_3416454D,False,REGLEMENT ECHEANCE LEASING TVA COLLECTEE,-0.57,36,2025-09-01,tva,INT_3416454D,False,REGLEMENT ECHEANCE LEASING TVA COLLECTEE,-0.57,1
227056,36,2025-09-01,commission regl leasi,INT_111B085D,False,REGLEMENT ECHEANCE LEASING COMMISSION REGL LEASI,-3.0,37,2025-09-01,commission regl leasi,INT_111B085D,False,REGLEMENT ECHEANCE LEASING COMMISSION REGL LEASI,-3.0,1
227057,37,2025-09-01,origine,INT_5062F697,True,REGLEMENT ECHEANCE LEASING LOYER T.T.C,-1297.521,38,2025-09-01,origine,INT_5062F697,True,REGLEMENT ECHEANCE LEASING LOYER T.T.C,-1297.521,1
227058,38,2025-09-01,tva,INT_529ACA30,False,REGLEMENT ECHEANCE LEASING TVA COLLECTEE,-0.57,39,2025-09-01,tva,INT_529ACA30,False,REGLEMENT ECHEANCE LEASING TVA COLLECTEE,-0.57,1
227059,39,2025-09-01,commission regl leasi,INT_4D141FFD,False,REGLEMENT ECHEANCE LEASING COMMISSION REGL LEASI,-3.0,40,2025-09-01,commission regl leasi,INT_4D141FFD,False,REGLEMENT ECHEANCE LEASING COMMISSION REGL LEASI,-3.0,1
227060,40,2025-09-01,origine,INT_6EA2EB48,True,REGLEMENT ECHEANCE LEASING LOYER T.T.C,-1297.521,41,2025-09-01,origine,INT_6EA2EB48,True,REGLEMENT ECHEANCE LEASING LOYER T.T.C,-1297.521,1
227061,41,2025-09-01,tva,INT_41465AB7,False,REGLEMENT ECHEANCE LEASING TVA COLLECTEE,-0.57,42,2025-09-01,tva,INT_41465AB7,False,REGLEMENT ECHEANCE LEASING TVA COLLECTEE,-0.57,1
227062,42,2025-09-01,commission regl leasi,INT_75AC197D,False,REGLEMENT ECHEANCE LEASING COMMISSION REGL LEASI,-3.0,43,2025-09-01,commission regl leasi,INT_75AC197D,False,REGLEMENT ECHEANCE LEASING COMMISSION REGL LEASI,-3.0,1
227063,43,2025-09-01,origine,INT_7425581E,True,REGLEMENT ECHEANCE LEASING LOYER T.T.C,-1297.521,44,2025-09-01,origine,INT_7425581E,True,REGLEMENT ECHEANCE LEASING LOYER T.T.C,-1297.521,1
227064,44,2025-09-01,tva,INT_AC681379,False,REGLEMENT ECHEANCE LEASING TVA COLLECTEE,-0.57,45,2025-09-01,tva,INT_AC681379,False,REGLEMENT ECHEANCE LEASING TVA COLLECTEE,-0.57,1
227065,45,2025-09-01,commission regl leasi,INT_93A973B3,False,REGLEMENT ECHEANCE LEASING COMMISSION REGL LEASI,-3.0,46,2025-09-01,commission regl leasi,INT_93A973B3,False,REGLEMENT ECHEANCE LEASING COMMISSION REGL LEASI,-3.0,1
227066,46,2025-09-01,origine,INT_8E9C6051,True,REGLEMENT ECHEANCE LEASING LOYER T.T.C,-1297.521,47,2025-09-01,origine,INT_8E9C6051,True,REGLEMENT ECHEANCE LEASING LOYER T.T.C,-1297.521,1
227067,47,2025-09-01,tva,INT_1530813C,False,REGLEMENT ECHEANCE LEASING TVA COLLECTEE,-0.57,48,2025-09-01,tva,INT_1530813C,False,REGLEMENT ECHEANCE LEASING TVA COLLECTEE,-0.57,1
227068,48,2025-09-01,commission regl leasi,INT_61C74D4B,False,REGLEMENT ECHEANCE LEASING COMMISSION REGL LEASI,-3.0,49,2025-09-01,commission regl leasi,INT_61C74D4B,False,REGLEMENT ECHEANCE LEASING COMMISSION REGL LEASI,-3.0,1
227069,49,2025-09-01,origine,INT_EAA47CDE,True,REGLEMENT ECHEANCE LEASING LOYER T.T.C,-3554.231,50,2025-09-01,origine,INT_EAA47CDE,True,REGLEMENT ECHEANCE LEASING LOYER T.T.C,-3554.231,1
227070,50,2025-09-01,tva,INT_012FC0B7,False,REMBOURSEMENT ECHEANCE CREDIT TVA,-0.38,51,2025-09-01,tva,INT_012FC0B7,False,REMBOURSEMENT ECHEANCE CREDIT TVA,-0.38,1
227071,51,2025-09-01,remboursement echeance credit commission,INT_7D8167C7,False,REMBOURSEMENT ECHEANCE CREDIT COMMISSION DE REGLEMENT,-2.0,52,2025-09-01,remboursement echeance credit commission,INT_7D8167C7,False,REMBOURSEMENT ECHEANCE CREDIT COMMISSION DE REGLEMENT,-2.0,1
227072,52,2025-09-01,origine,INT_835B8DFB,True,REMBOURSEMENT ECHEANCE CREDIT DU 31 08 2025,-150000.0,53,2025-09-01,origine,INT_835B8DFB,True,REMBOURSEMENT ECHEANCE CREDIT DU 31 08 2025,-150000.0,1
227073,53,2025-09-02,agios,INT_E07FEAAD,False,REMISE EFFET/ESCOMPTE AGENCE DU 25 08 2025,-4385.5,54,2025-09-02,agios,INT_E07FEAAD,False,REMISE EFFET/ESCOMPTE AGENCE DU 25 08 2025,-4385.5,1
227074,54,2025-09-02,agios,INT_E01B91DE,False,REMISE EFFET/ESCOMPTE AGENCE DU 21 08 2025,-1780.414,55,2025-09-02,agios,INT_E01B91DE,False,REMISE EFFET/ESCOMPTE AGENCE DU 21 08 2025,-1780.414,1
227075,55,2025-09-02,origine,INT_326CBF40,True,REMISE EFFETS/ESCOMPTE AGENCE REMISE N:2,72886.1,56,2025-09-02,origine,INT_326CBF40,True,REMISE EFFETS/ESCOMPTE AGENCE REMISE N:2,72886.1,1
227076,56,2025-09-02,tva,INT_4CDB856B,False,EFFET IMPAYE 310825TVA LCN 10155484646,-0.285,58,2025-09-02,tva,INT_4CDB856B,False,EFFET IMPAYE 310825TVA LCN 10155484646,-0.285,2
227077,57,2025-09-02,com,INT_1CE2A5E3,False,EFFET IMPAYE 310825COM LCN 10155484646,-1.5,59,2025-09-02,com,INT_1CE2A5E3,False,EFFET IMPAYE 310825COM LCN 10155484646,-1.5,2
227078,58,2025-09-02,tva,INT_6EBCCE82,False,EFFET IMPAYE 310825TVA LCN 10396676795,-0.285,60,2025-09-02,tva,INT_6EBCCE82,False,EFFET IMPAYE 310825TVA LCN 10396676795,-0.285,2
227079,59,2025-09-02,com,INT_156C5AE8,False,EFFET IMPAYE 310825COM LCN 10396676795,-1.5,61,2025-09-02,com,INT_156C5AE8,False,EFFET IMPAYE 310825COM LCN 10396676795,-1.5,2
227080,60,2025-09-02,tva,INT_EE4FEA70,False,EFFET IMPAYE 310825TVA LCN 10396992821,-0.285,62,2025-09-02,tva,INT_EE4FEA70,False,EFFET IMPAYE 310825TVA LCN 10396992821,-0.285,2
227081,61,2025-09-02,com,INT_DE95EFD2,False,EFFET IMPAYE 310825COM LCN 10396992821,-1.5,63,2025-09-02,com,INT_DE95EFD2,False,EFFET IMPAYE 310825COM LCN 10396992821,-1.5,2
227082,62,2025-09-02,tva,INT_38689715,False,EFFET IMPAYE 310825TVA LCN 10396670975,-0.285,64,2025-09-02,tva,INT_38689715,False,EFFET IMPAYE 310825TVA LCN 10396670975,-0.285,2
227083,63,2025-09-02,com,INT_84BE25BA,False,EFFET IMPAYE 310825COM LCN 10396670975,-1.5,65,2025-09-02,com,INT_84BE25BA,False,EFFET IMPAYE 310825COM LCN 10396670975,-1.5,2
227084,64,2025-09-02,tva,INT_3F27E2CB,False,EFFET IMPAYE 310825TVA LCN 10155429065,-0.285,66,2025-09-02,tva,INT_3F27E2CB,False,EFFET IMPAYE 310825TVA LCN 10155429065,-0.285,2
227085,65,2025-09-02,com,INT_53747C9A,False,EFFET IMPAYE 310825COM LCN 10155429065,-1.5,67,2025-09-02,com,INT_53747C9A,False,EFFET IMPAYE 310825COM LCN 10155429065,-1.5,2
227086,66,2025-09-03,origine,INT_0C73B8DF,True,REMISE EFFETS/ESCOMPTE AGENCE REMISE N:3,162476.155,68,2025-09-03,origine,INT_0C73B8DF,True,REMISE EFFETS/ESCOMPTE AGENCE REMISE N:3,162476.155,2
227087,67,2025-09-03,tva,INT_6FB22947,False,PAYEMENT EFFET 220825TVA  010155470678,-0.057,71,2025-09-03,tva,INT_6FB22947,False,PAYEMENT EFFET 220825TVA  010155470678,-0.057,4
227088,68,2025-09-03,plo,INT_6FB22947,False,PAYEMENT EFFET 220825PLO  010155470678,-0.75,72,2025-09-03,plo,INT_6FB22947,False,PAYEMENT EFFET 220825PLO  010155470678,-0.75,4
227089,69,2025-09-03,com,INT_6FB22947,False,PAYEMENT EFFET 220825COM  010155470678,-0.3,73,2025-09-03,com,INT_6FB22947,False,PAYEMENT EFFET 220825COM  010155470678,-0.3,4
227090,70,2025-09-03,origine,INT_6FB22947,True,PAYEMENT EFFET 220825  010155470678,-92173.69,70,2025-09-03,origine,INT_6FB22947,True,PAYEMENT EFFET 220825  010155470678,-92173.69,0
227091,71,2025-09-03,tva,INT_E7A07201,False,PAYEMENT EFFET 310825TVA  010155470581,-0.057,75,2025-09-03,tva,INT_E7A07201,False,PAYEMENT EFFET 310825TVA  010155470581,-0.057,4
227092,72,2025-09-03,plo,INT_E7A07201,False,PAYEMENT EFFET 310825PLO  010155470581,-0.75,76,2025-09-03,plo,INT_E7A07201,False,PAYEMENT EFFET 310825PLO  010155470581,-0.75,4
227093,73,2025-09-03,com,INT_E7A07201,False,PAYEMENT EFFET 310825COM  010155470581,-0.3,77,2025-09-03,com,INT_E7A07201,False,PAYEMENT EFFET 310825COM  010155470581,-0.3,4
227094,74,2025-09-03,origine,INT_E7A07201,True,PAYEMENT EFFET 310825  010155470581,-108101.494,74,2025-09-03,origine,INT_E7A07201,True,PAYEMENT EFFET 310825  010155470581,-108101.494,0
227095,75,2025-09-05,origine,INT_F671357D,True,REMISE EFFETS/ESCOMPTE AGENCE REMISE N:2,50611.934,78,2025-09-05,origine,INT_F671357D,True,REMISE EFFETS/ESCOMPTE AGENCE REMISE N:2,50611.934,3
227096,76,2025-09-05,origine,INT_B5DBA6E5,True,REMISE EFFETS/ESCOMPTE AGENCE REMISE N:1,91496.252,80,2025-09-05,origine,INT_B5DBA6E5,True,REMISE EFFETS/ESCOMPTE AGENCE REMISE N:1,91496.252,4
227097,77,2025-09-05,tva,INT_3ACE5EA5,False,REGLEMENT EFFET ESCOMPTE 050925TVA,-0.057,81,2025-09-05,tva,INT_3ACE5EA5,False,REGLEMENT EFFET ESCOMPTE 050925TVA,-0.057,4
227098,78,2025-09-05,plo,INT_9F369F86,False,REGLEMENT EFFET ESCOMPTE 050925PLO,-0.75,82,2025-09-05,plo,INT_9F369F86,False,REGLEMENT EFFET ESCOMPTE 050925PLO,-0.75,4
227099,79,2025-09-05,com,INT_404E5796,False,REGLEMENT EFFET ESCOMPTE 050925COM,-0.3,83,2025-09-05,com,INT_404E5796,False,REGLEMENT EFFET ESCOMPTE 050925COM,-0.3,4
227100,80,2025-09-05,origine,INT_EF6C05DA,True,REGLEMENT EFFET ESCOMPTE 050925,-112538.336,84,2025-09-05,origine,INT_EF6C05DA,True,REGLEMENT EFFET ESCOMPTE 050925,-112538.336,4
227101,81,2025-09-08,origine,INT_1282DD48,True,VIREMENT MEME CLIENT STE PRODTS PHARMACEU,100000.0,85,2025-09-08,origine,INT_1282DD48,True,VIREMENT MEME CLIENT STE PRODTS PHARMACEU,100000.0,4
227102,82,2025-09-08,,INT_C9E5E514,False,REMISE EFFET/ENCAISSEMENT DU 28 08 2025,-1.428,86,2025-09-08,,INT_C9E5E514,False,REMISE EFFET/ENCAISSEMENT DU 28 08 2025,-1.428,4
227103,83,2025-09-08,tva,INT_1E009908,False,REPRISE ESCOMPTE EFFET REJETE 050925TVA LCN 10816990502,-0.285,88,2025-09-08,tva,INT_1E009908,False,REPRISE ESCOMPTE EFFET REJETE 050925TVA LCN 10816990502,-0.285,5
227104,84,2025-09-08,com,INT_1E009908,False,REPRISE ESCOMPTE EFFET REJETE 050925COM LCN 10816990502,-1.5,89,2025-09-08,com,INT_1E009908,False,REPRISE ESCOMPTE EFFET REJETE 050925COM LCN 10816990502,-1.5,5
227105,85,2025-09-08,origine,INT_1E009908,True,REPRISE ESCOMPTE EFFET REJETE 050925 LCN 10816990502,-72769.272,87,2025-09-08,origine,INT_1E009908,True,REPRISE ESCOMPTE EFFET REJETE 050925 LCN 10816990502,-72769.272,2
227106,86,2025-09-08,tva,INT_888111ED,False,REPRISE ESCOMPTE EFFET REJETE 050925TVA LCN 10396979920,-0.285,91,2025-09-08,tva,INT_888111ED,False,REPRISE ESCOMPTE EFFET REJETE 050925TVA LCN 10396979920,-0.285,5
227107,87,2025-09-08,com,INT_888111ED,False,REPRISE ESCOMPTE EFFET REJETE 050925COM LCN 10396979920,-1.5,92,2025-09-08,com,INT_888111ED,False,REPRISE ESCOMPTE EFFET REJETE 050925COM LCN 10396979920,-1.5,5
227108,88,2025-09-08,origine,INT_888111ED,True,REPRISE ESCOMPTE EFFET REJETE 050925 LCN 10396979920,-37061.294,90,2025-09-08,origine,INT_888111ED,True,REPRISE ESCOMPTE EFFET REJETE 050925 LCN 10396979920,-37061.294,2
227109,89,2025-09-08,tva,INT_BBB5439E,False,REPRISE ESCOMPTE EFFET REJETE 050925TVA LCN 10626585710,-0.285,94,2025-09-08,tva,INT_BBB5439E,False,REPRISE ESCOMPTE EFFET REJETE 050925TVA LCN 10626585710,-0.285,5
227110,90,2025-09-08,com,INT_BBB5439E,False,REPRISE ESCOMPTE EFFET REJETE 050925COM LCN 10626585710,-1.5,95,2025-09-08,com,INT_BBB5439E,False,REPRISE ESCOMPTE EFFET REJETE 050925COM LCN 10626585710,-1.5,5
227111,91,2025-09-08,origine,INT_BBB5439E,True,REPRISE ESCOMPTE EFFET REJETE 050925 LCN 10626585710,-5515.357,93,2025-09-08,origine,INT_BBB5439E,True,REPRISE ESCOMPTE EFFET REJETE 050925 LCN 10626585710,-5515.357,2
227112,92,2025-09-08,origine,INT_0FDFEE0F,True,REMISE EFFETS/ESCOMPTE AGENCE REMISE N:1,200298.904,96,2025-09-08,origine,INT_0FDFEE0F,True,REMISE EFFETS/ESCOMPTE AGENCE REMISE N:1,200298.904,4
227113,93,2025-09-10,com / aut db passagere t.v.a.,INT_1706943B,False,COM / AUT DB PASSAGERE T.V.A.,-5.7,97,2025-09-10,com / aut db passagere t.v.a.,INT_1706943B,False,COM / AUT DB PASSAGERE T.V.A.,-5.7,4
227114,94,2025-09-10,com / aut db passagere commission cgespa eps,INT_413B3BAF,False,COM / AUT DB PASSAGERE COMMISSION CGESPA EPS,-30.0,98,2025-09-10,com / aut db passagere commission cgespa eps,INT_413B3BAF,False,COM / AUT DB PASSAGERE COMMISSION CGESPA EPS,-30.0,4
227115,95,2025-09-10,tva,INT_A652AB62,False,PAYEMENT EFFET 080925TVA  010938873136,-0.057,100,2025-09-10,tva,INT_A652AB62,False,PAYEMENT EFFET 080925TVA  010938873136,-0.057,5
227116,96,2025-09-10,plo,INT_A652AB62,False,PAYEMENT EFFET 080925PLO  010938873136,-0.75,101,2025-09-10,plo,INT_A652AB62,False,PAYEMENT EFFET 080925PLO  010938873136,-0.75,5
227117,97,2025-09-10,com,INT_A652AB62,False,PAYEMENT EFFET 080925COM  010938873136,-0.3,102,2025-09-10,com,INT_A652AB62,False,PAYEMENT EFFET 080925COM  010938873136,-0.3,5
227118,98,2025-09-10,origine,INT_A652AB62,True,PAYEMENT EFFET 080925  010938873136,-65185.607,99,2025-09-10,origine,INT_A652AB62,True,PAYEMENT EFFET 080925  010938873136,-65185.607,1
227119,99,2025-09-10,tva,INT_7A54B906,False,PAYEMENT EFFET 100925TVA  010155470193,-0.057,104,2025-09-10,tva,INT_7A54B906,False,PAYEMENT EFFET 100925TVA  010155470193,-0.057,5
227120,100,2025-09-10,plo,INT_7A54B906,False,PAYEMENT EFFET 100925PLO  010155470193,-0.75,105,2025-09-10,plo,INT_7A54B906,False,PAYEMENT EFFET 100925PLO  010155470193,-0.75,5
227121,101,2025-09-10,com,INT_7A54B906,False,PAYEMENT EFFET 100925COM  010155470193,-0.3,106,2025-09-10,com,INT_7A54B906,False,PAYEMENT EFFET 100925COM  010155470193,-0.3,5
227122,102,2025-09-10,origine,INT_7A54B906,True,PAYEMENT EFFET 100925  010155470193,-113970.291,103,2025-09-10,origine,INT_7A54B906,True,PAYEMENT EFFET 100925  010155470193,-113970.291,1
227123,103,2025-09-10,origine,INT_58B97BB2,True,REMISE EFFETS/ESCOMPTE AGENCE REMISE N:1,146066.187,107,2025-09-10,origine,INT_58B97BB2,True,REMISE EFFETS/ESCOMPTE AGENCE REMISE N:1,146066.187,4
227124,104,2025-09-11,agios,INT_50BCE806,False,REMISE EFFET/ESCOMPTE AGENCE DU 28 08 2025,-1780.929,109,2025-09-11,agios,INT_50BCE806,False,REMISE EFFET/ESCOMPTE AGENCE DU 28 08 2025,-1780.929,5
227125,105,2025-09-11,,INT_F8445ADE,False,REMISE EFFET/ESCOMPTE AGENCE REJET ESCOMPTE A,-30190.767,110,2025-09-11,,INT_F8445ADE,False,REMISE EFFET/ESCOMPTE AGENCE REJET ESCOMPTE A,-30190.767,5
227126,106,2025-09-11,agios,INT_B30D09AC,False,REMISE EFFET/ESCOMPTE AGENCE DU 28 08 2025,-541.394,111,2025-09-11,agios,INT_B30D09AC,False,REMISE EFFET/ESCOMPTE AGENCE DU 28 08 2025,-541.394,5
227127,107,2025-09-11,,INT_9338D1DE,False,REMISE EFFET/ESCOMPTE AGENCE REJET ESCOMPTE A,-42100.5,112,2025-09-11,,INT_9338D1DE,False,REMISE EFFET/ESCOMPTE AGENCE REJET ESCOMPTE A,-42100.5,5
227128,108,2025-09-11,agios,INT_BBAF4343,False,REMISE EFFET/ESCOMPTE AGENCE DU 28 08 2025,-631.706,113,2025-09-11,agios,INT_BBAF4343,False,REMISE EFFET/ESCOMPTE AGENCE DU 28 08 2025,-631.706,5
227129,109,2025-09-11,com / aut db passagere t.v.a.,INT_331CB1FF,False,COM / AUT DB PASSAGERE T.V.A.,-5.7,114,2025-09-11,com / aut db passagere t.v.a.,INT_331CB1FF,False,COM / AUT DB PASSAGERE T.V.A.,-5.7,5
227130,110,2025-09-11,com / aut db passagere commission cgespa eps,INT_CC774D64,False,COM / AUT DB PASSAGERE COMMISSION CGESPA EPS,-30.0,115,2025-09-11,com / aut db passagere commission cgespa eps,INT_CC774D64,False,COM / AUT DB PASSAGERE COMMISSION CGESPA EPS,-30.0,5
227131,111,2025-09-11,origine,INT_FF2AE5D5,True,VIREMENT MEME CLIENT STE PRODTS PHARMACEU,100000.0,116,2025-09-11,origine,INT_FF2AE5D5,True,VIREMENT MEME CLIENT STE PRODTS PHARMACEU,100000.0,5
227132,112,2025-09-11,tva,INT_6F8EC1EF,False,REPRISE ESCOMPTE EFFET REJETE 100925TVA LCN 10155484840,-0.285,118,2025-09-11,tva,INT_6F8EC1EF,False,REPRISE ESCOMPTE EFFET REJETE 100925TVA LCN 10155484840,-0.285,6
227133,113,2025-09-11,com,INT_6F8EC1EF,False,REPRISE ESCOMPTE EFFET REJETE 100925COM LCN 10155484840,-1.5,119,2025-09-11,com,INT_6F8EC1EF,False,REPRISE ESCOMPTE EFFET REJETE 100925COM LCN 10155484840,-1.5,6
227134,114,2025-09-11,origine,INT_6F8EC1EF,True,REPRISE ESCOMPTE EFFET REJETE 100925 LCN 10155484840,-53462.374,117,2025-09-11,origine,INT_6F8EC1EF,True,REPRISE ESCOMPTE EFFET REJETE 100925 LCN 10155484840,-53462.374,3
227135,115,2025-09-11,tva,INT_F4E7B0D1,False,PAYEMENT EFFET 110925TVA  010396993985,-0.057,121,2025-09-11,tva,INT_F4E7B0D1,False,PAYEMENT EFFET 110925TVA  010396993985,-0.057,6
227136,116,2025-09-11,plo,INT_F4E7B0D1,False,PAYEMENT EFFET 110925PLO  010396993985,-0.75,122,2025-09-11,plo,INT_F4E7B0D1,False,PAYEMENT EFFET 110925PLO  010396993985,-0.75,6
227137,117,2025-09-11,com,INT_F4E7B0D1,False,PAYEMENT EFFET 110925COM  010396993985,-0.3,123,2025-09-11,com,INT_F4E7B0D1,False,PAYEMENT EFFET 110925COM  010396993985,-0.3,6
227138,118,2025-09-11,origine,INT_F4E7B0D1,True,PAYEMENT EFFET 110925  010396993985,-18868.99,120,2025-09-11,origine,INT_F4E7B0D1,True,PAYEMENT EFFET 110925  010396993985,-18868.99,2
227139,119,2025-09-11,tva,INT_8E171986,False,PAYEMENT EFFET 070925TVA  010396919004,-0.057,125,2025-09-11,tva,INT_8E171986,False,PAYEMENT EFFET 070925TVA  010396919004,-0.057,6
227140,120,2025-09-11,plo,INT_8E171986,False,PAYEMENT EFFET 070925PLO  010396919004,-0.75,126,2025-09-11,plo,INT_8E171986,False,PAYEMENT EFFET 070925PLO  010396919004,-0.75,6
227141,121,2025-09-11,com,INT_8E171986,False,PAYEMENT EFFET 070925COM  010396919004,-0.3,127,2025-09-11,com,INT_8E171986,False,PAYEMENT EFFET 070925COM  010396919004,-0.3,6
227142,122,2025-09-11,origine,INT_8E171986,True,PAYEMENT EFFET 070925  010396919004,-226596.203,124,2025-09-11,origine,INT_8E171986,True,PAYEMENT EFFET 070925  010396919004,-226596.203,2
227143,123,2025-09-11,tva,INT_AEB5B2AA,False,REGL PRINCIAPL CREDIT IMPAYE TVA,-0.38,128,2025-09-11,tva,INT_AEB5B2AA,False,REGL PRINCIAPL CREDIT IMPAYE TVA,-0.38,5
227144,124,2025-09-11,com,INT_FBE9174C,False,REGL PRINCIAPL CREDIT IMPAYE COMMISSION,-2.0,129,2025-09-11,com,INT_FBE9174C,False,REGL PRINCIAPL CREDIT IMPAYE COMMISSION,-2.0,5
227145,125,2025-09-11,interêts de retard,INT_41B43C36,False,REGL PRINCIAPL CREDIT IMPAYE INTERÊTS DE RETARD,-203.698,130,2025-09-11,interêts de retard,INT_41B43C36,False,REGL PRINCIAPL CREDIT IMPAYE INTERÊTS DE RETARD,-203.698,5
227146,126,2025-09-11,origine,INT_2BC6D9AE,True,REGL PRINCIAPL CREDIT IMPAYE DU  31 08 2025,-53331.964,131,2025-09-11,origine,INT_2BC6D9AE,True,REGL PRINCIAPL CREDIT IMPAYE DU  31 08 2025,-53331.964,5
227147,127,2025-09-11,tva,INT_48844957,False,REGL PRINCIAPL CREDIT IMPAYE TVA,-0.38,132,2025-09-11,tva,INT_48844957,False,REGL PRINCIAPL CREDIT IMPAYE TVA,-0.38,5
227148,128,2025-09-11,com,INT_80914333,False,REGL PRINCIAPL CREDIT IMPAYE COMMISSION,-2.0,133,2025-09-11,com,INT_80914333,False,REGL PRINCIAPL CREDIT IMPAYE COMMISSION,-2.0,5
227149,129,2025-09-11,interêts de retard,INT_CB248A0B,False,REGL PRINCIAPL CREDIT IMPAYE INTERÊTS DE RETARD,-293.855,134,2025-09-11,interêts de retard,INT_CB248A0B,False,REGL PRINCIAPL CREDIT IMPAYE INTERÊTS DE RETARD,-293.855,5
227150,130,2025-09-11,origine,INT_987CEABA,True,REGL PRINCIAPL CREDIT IMPAYE DU  31 08 2025,-76936.47,135,2025-09-11,origine,INT_987CEABA,True,REGL PRINCIAPL CREDIT IMPAYE DU  31 08 2025,-76936.47,5
227151,131,2025-09-11,tva,INT_B1DB642D,False,REGL PRINCIAPL CREDIT IMPAYE TVA,-0.38,136,2025-09-11,tva,INT_B1DB642D,False,REGL PRINCIAPL CREDIT IMPAYE TVA,-0.38,5
227152,132,2025-09-11,com,INT_4B596093,False,REGL PRINCIAPL CREDIT IMPAYE COMMISSION,-2.0,137,2025-09-11,com,INT_4B596093,False,REGL PRINCIAPL CREDIT IMPAYE COMMISSION,-2.0,5
227153,133,2025-09-11,interêts de retard,INT_F8318909,False,REGL PRINCIAPL CREDIT IMPAYE INTERÊTS DE RETARD,-65.476,138,2025-09-11,interêts de retard,INT_F8318909,False,REGL PRINCIAPL CREDIT IMPAYE INTERÊTS DE RETARD,-65.476,5
227154,134,2025-09-11,origine,INT_40C3C979,True,REGL PRINCIAPL CREDIT IMPAYE DU  31 08 2025,-17142.852,139,2025-09-11,origine,INT_40C3C979,True,REGL PRINCIAPL CREDIT IMPAYE DU  31 08 2025,-17142.852,5
227155,135,2025-09-11,tva,INT_592855CC,False,REGL PRINCIAPL CREDIT IMPAYE TVA,-0.38,140,2025-09-11,tva,INT_592855CC,False,REGL PRINCIAPL CREDIT IMPAYE TVA,-0.38,5
227156,136,2025-09-11,com,INT_89156512,False,REGL PRINCIAPL CREDIT IMPAYE COMMISSION,-2.0,141,2025-09-11,com,INT_89156512,False,REGL PRINCIAPL CREDIT IMPAYE COMMISSION,-2.0,5
227157,137,2025-09-11,interêts de retard,INT_A98FF10E,False,REGL PRINCIAPL CREDIT IMPAYE INTERÊTS DE RETARD,-88.839,142,2025-09-11,interêts de retard,INT_A98FF10E,False,REGL PRINCIAPL CREDIT IMPAYE INTERÊTS DE RETARD,-88.839,5
227158,138,2025-09-11,origine,INT_D6A8FADB,True,REGL PRINCIAPL CREDIT IMPAYE DU  31 08 2025,-23259.546,143,2025-09-11,origine,INT_D6A8FADB,True,REGL PRINCIAPL CREDIT IMPAYE DU  31 08 2025,-23259.546,5
227159,139,2025-09-11,tva,INT_640387FC,False,REGL PRINCIAPL CREDIT IMPAYE TVA,-0.38,144,2025-09-11,tva,INT_640387FC,False,REGL PRINCIAPL CREDIT IMPAYE TVA,-0.38,5
227160,140,2025-09-11,com,INT_E2E41670,False,REGL PRINCIAPL CREDIT IMPAYE COMMISSION,-2.0,145,2025-09-11,com,INT_E2E41670,False,REGL PRINCIAPL CREDIT IMPAYE COMMISSION,-2.0,5
227161,141,2025-09-11,interêts de retard,INT_52D5F4D0,False,REGL PRINCIAPL CREDIT IMPAYE INTERÊTS DE RETARD,-100.866,146,2025-09-11,interêts de retard,INT_52D5F4D0,False,REGL PRINCIAPL CREDIT IMPAYE INTERÊTS DE RETARD,-100.866,5
227162,142,2025-09-11,origine,INT_D4E14893,True,REGL PRINCIAPL CREDIT IMPAYE DU  31 08 2025,-26408.461,147,2025-09-11,origine,INT_D4E14893,True,REGL PRINCIAPL CREDIT IMPAYE DU  31 08 2025,-26408.461,5
227163,143,2025-09-12,duplic contrat location cess tva,INT_1052BB7E,False,DUPLIC CONTRAT LOCATION CESS TVA COLLECTEE SUR OPERATIONS D,-5.7,148,2025-09-12,duplic contrat location cess tva,INT_1052BB7E,False,DUPLIC CONTRAT LOCATION CESS TVA COLLECTEE SUR OPERATIONS D,-5.7,5
227164,144,2025-09-12,duplic contrat location cess commission,INT_00F9A056,False,DUPLIC CONTRAT LOCATION CESS COMMISSION FDUPCTLOCE,-30.0,149,2025-09-12,duplic contrat location cess commission,INT_00F9A056,False,DUPLIC CONTRAT LOCATION CESS COMMISSION FDUPCTLOCE,-30.0,5
227165,145,2025-09-12,,INT_FB9C4E02,False,PROROGATION EFFET CREDIT AGIOS,8481.885,150,2025-09-12,,INT_FB9C4E02,False,PROROGATION EFFET CREDIT AGIOS,8481.885,5
227166,146,2025-09-12,origine,INT_36FFE347,True,REMISE EFFETS/ESCOMPTE AGENCE REMISE N:2,107217.91,151,2025-09-12,origine,INT_36FFE347,True,REMISE EFFETS/ESCOMPTE AGENCE REMISE N:2,107217.91,5
227167,147,2025-09-12,tva,INT_6551E27D,False,RETOUR D'EFFET REJETE 310725TVA LCN 10166488617,-0.285,153,2025-09-12,tva,INT_6551E27D,False,RETOUR D'EFFET REJETE 310725TVA LCN 10166488617,-0.285,6
227168,148,2025-09-12,com,INT_4D29D9D4,False,RETOUR D'EFFET REJETE 310725COM LCN 10166488617,-1.5,154,2025-09-12,com,INT_4D29D9D4,False,RETOUR D'EFFET REJETE 310725COM LCN 10166488617,-1.5,6
227169,149,2025-09-12,origine,INT_2887E5BD,True,PAYEMENT EFFET/ENCAISSEMENT LCN 010309291435,4500.0,155,2025-09-12,origine,INT_2887E5BD,True,PAYEMENT EFFET/ENCAISSEMENT LCN 010309291435,4500.0,6
227170,150,2025-09-12,origine,INT_97255596,True,PAYEMENT EFFET/ENCAISSEMENT LCN 010309252150,7000.0,156,2025-09-12,origine,INT_97255596,True,PAYEMENT EFFET/ENCAISSEMENT LCN 010309252150,7000.0,6
227171,151,2025-09-12,origine,INT_73B15076,True,PAYEMENT EFFET/ENCAISSEMENT LCN 010309291532,4500.0,157,2025-09-12,origine,INT_73B15076,True,PAYEMENT EFFET/ENCAISSEMENT LCN 010309291532,4500.0,6
227172,152,2025-09-12,tva,INT_00BB9563,False,ENCAISSEMENT REMISE CHEQUES TVA Bordereau No0001010,-0.048,159,2025-09-12,tva,INT_00BB9563,False,ENCAISSEMENT REMISE CHEQUES TVA Bordereau No0001010,-0.048,7
227173,153,2025-09-12,com,INT_00BB9563,False,ENCAISSEMENT REMISE CHEQUES COMMISSION Bordereau No0001010,-0.25,160,2025-09-12,com,INT_00BB9563,False,ENCAISSEMENT REMISE CHEQUES COMMISSION Bordereau No0001010,-0.25,7
227174,154,2025-09-12,origine,INT_00BB9563,True,ENCAISSEMENT REMISE CHEQUES DU 11 09 2025 Bordereau No0001010,19143.484,158,2025-09-12,origine,INT_00BB9563,True,ENCAISSEMENT REMISE CHEQUES DU 11 09 2025 Bordereau No0001010,19143.484,4
227175,155,2025-09-15,origine,INT_AC251B39,True,VIREMENT MEME CLIENT STE PRODTS PHARMACEU,50000.0,161,2025-09-15,origine,INT_AC251B39,True,VIREMENT MEME CLIENT STE PRODTS PHARMACEU,50000.0,6
227176,156,2025-09-15,origine,INT_BF413124,True,REMISE EFFETS/ESCOMPTE AGENCE REMISE N:3,45000.0,162,2025-09-15,origine,INT_BF413124,True,REMISE EFFETS/ESCOMPTE AGENCE REMISE N:3,45000.0,6
227177,157,2025-09-15,origine,INT_4E47DE83,True,REMISE EFFETS/ESCOMPTE AGENCE REMISE N:2,358980.296,163,2025-09-15,origine,INT_4E47DE83,True,REMISE EFFETS/ESCOMPTE AGENCE REMISE N:2,358980.296,6
227178,158,2025-09-15,tva,INT_D4B6AC03,False,PAYEMENT EFFET 130925TVA  010155475237,-0.057,166,2025-09-15,tva,INT_D4B6AC03,False,PAYEMENT EFFET 130925TVA  010155475237,-0.057,8
227179,159,2025-09-15,plo,INT_D4B6AC03,False,PAYEMENT EFFET 130925PLO  010155475237,-0.75,167,2025-09-15,plo,INT_D4B6AC03,False,PAYEMENT EFFET 130925PLO  010155475237,-0.75,8
227180,160,2025-09-15,com,INT_D4B6AC03,False,PAYEMENT EFFET 130925COM  010155475237,-0.3,168,2025-09-15,com,INT_D4B6AC03,False,PAYEMENT EFFET 130925COM  010155475237,-0.3,8
227181,161,2025-09-15,origine,INT_D4B6AC03,True,PAYEMENT EFFET 130925  010155475237,-67268.014,165,2025-09-15,origine,INT_D4B6AC03,True,PAYEMENT EFFET 130925  010155475237,-67268.014,4
227182,162,2025-09-15,tva,INT_73D2FC65,False,REGLEMENT EFFET ESCOMPTE 140925TVA,-0.057,169,2025-09-15,tva,INT_73D2FC65,False,REGLEMENT EFFET ESCOMPTE 140925TVA,-0.057,7
227183,163,2025-09-15,plo,INT_BA104108,False,REGLEMENT EFFET ESCOMPTE 140925PLO,-0.75,170,2025-09-15,plo,INT_BA104108,False,REGLEMENT EFFET ESCOMPTE 140925PLO,-0.75,7
227184,164,2025-09-15,com,INT_12ACD74E,False,REGLEMENT EFFET ESCOMPTE 140925COM,-0.3,171,2025-09-15,com,INT_12ACD74E,False,REGLEMENT EFFET ESCOMPTE 140925COM,-0.3,7
227185,165,2025-09-15,origine,INT_F990F490,True,REGLEMENT EFFET ESCOMPTE 140925,-26570.391,172,2025-09-15,origine,INT_F990F490,True,REGLEMENT EFFET ESCOMPTE 140925,-26570.391,7
227186,166,2025-09-16,agios,INT_8B982DEA,False,REMISE EFFET/ESCOMPTE AGENCE DU 01 09 2025,-1167.402,9,2025-09-16,agios,INT_8B982DEA,False,REMISE EFFET/ESCOMPTE AGENCE DU 01 09 2025,-1167.402,-157
227187,167,2025-09-16,tva,INT_7C3C53B0,False,REPRISE ESCOMPTE EFFET REJETE 150925TVA LCN 10396990881,-0.285,174,2025-09-16,tva,INT_7C3C53B0,False,REPRISE ESCOMPTE EFFET REJETE 150925TVA LCN 10396990881,-0.285,7
227188,168,2025-09-16,com,INT_7C3C53B0,False,REPRISE ESCOMPTE EFFET REJETE 150925COM LCN 10396990881,-1.5,175,2025-09-16,com,INT_7C3C53B0,False,REPRISE ESCOMPTE EFFET REJETE 150925COM LCN 10396990881,-1.5,7
227189,169,2025-09-16,origine,INT_7C3C53B0,True,REPRISE ESCOMPTE EFFET REJETE 150925 LCN 10396990881,-37236.982,173,2025-09-16,origine,INT_7C3C53B0,True,REPRISE ESCOMPTE EFFET REJETE 150925 LCN 10396990881,-37236.982,4
227190,170,2025-09-16,tva,INT_80D7B40A,False,ENCAISSEMENT REMISE CHEQUES TVA Bordereau No0001014,-0.288,177,2025-09-16,tva,INT_80D7B40A,False,ENCAISSEMENT REMISE CHEQUES TVA Bordereau No0001014,-0.288,7
227191,171,2025-09-16,com,INT_80D7B40A,False,ENCAISSEMENT REMISE CHEQUES COMMISSION Bordereau No0001014,-1.5,178,2025-09-16,com,INT_80D7B40A,False,ENCAISSEMENT REMISE CHEQUES COMMISSION Bordereau No0001014,-1.5,7
227192,172,2025-09-16,origine,INT_80D7B40A,True,ENCAISSEMENT REMISE CHEQUES DU 12 09 2025 Bordereau No0001014,86650.153,176,2025-09-16,origine,INT_80D7B40A,True,ENCAISSEMENT REMISE CHEQUES DU 12 09 2025 Bordereau No0001014,86650.153,4
227193,173,2025-09-16,tva,INT_2BE15AD1,False,VIREMENT REÇU 7176667   TVA,-0.095,180,2025-09-16,tva,INT_2BE15AD1,False,VIREMENT REÇU 7176667   TVA,-0.095,7
227194,174,2025-09-16,com,INT_2BE15AD1,False,VIREMENT REÇU 7176667   Commission,-0.5,181,2025-09-16,com,INT_2BE15AD1,False,VIREMENT REÇU 7176667   Commission,-0.5,7
227195,175,2025-09-16,origine,INT_2BE15AD1,True,VIREMENT REÇU 7176667   ANANE HATEM BEN SADOK,42060.596,179,2025-09-16,origine,INT_2BE15AD1,True,VIREMENT REÇU 7176667   ANANE HATEM BEN SADOK,42060.596,4
227196,176,2025-09-17,agios,INT_F671357D,False,REMISE EFFET/ESCOMPTE AGENCE DU 05 09 2025,-1362.043,79,2025-09-17,agios,INT_F671357D,False,REMISE EFFET/ESCOMPTE AGENCE DU 05 09 2025,-1362.043,-97
227197,177,2025-09-17,agios,INT_7D96D578,False,REMISE EFFET/ESCOMPTE AGENCE DU 05 09 2025,-2063.271,182,2025-09-17,agios,INT_7D96D578,False,REMISE EFFET/ESCOMPTE AGENCE DU 05 09 2025,-2063.271,5
227198,178,2025-09-17,agios,INT_0C73B8DF,False,REMISE EFFET/ESCOMPTE AGENCE DU 03 09 2025,-4082.303,69,2025-09-17,agios,INT_0C73B8DF,False,REMISE EFFET/ESCOMPTE AGENCE DU 03 09 2025,-4082.303,-109
227199,179,2025-09-17,origine,INT_4502AC75,True,REMISE EFFETS/ESCOMPTE AGENCE REMISE N:2,72291.267,183,2025-09-17,origine,INT_4502AC75,True,REMISE EFFETS/ESCOMPTE AGENCE REMISE N:2,72291.267,4
227200,180,2025-09-17,tva,INT_D4093014,False,REPRISE ESCOMPTE EFFET REJETE 160925TVA LCN 9914991091,-0.285,185,2025-09-17,tva,INT_D4093014,False,REPRISE ESCOMPTE EFFET REJETE 160925TVA LCN 9914991091,-0.285,5
227201,181,2025-09-17,com,INT_D4093014,False,REPRISE ESCOMPTE EFFET REJETE 160925COM LCN 9914991091,-1.5,186,2025-09-17,com,INT_D4093014,False,REPRISE ESCOMPTE EFFET REJETE 160925COM LCN 9914991091,-1.5,5
227202,182,2025-09-17,origine,INT_D4093014,True,REPRISE ESCOMPTE EFFET REJETE 160925 LCN 9914991091,-18719.325,184,2025-09-17,origine,INT_D4093014,True,REPRISE ESCOMPTE EFFET REJETE 160925 LCN 9914991091,-18719.325,2
227203,183,2025-09-18,agios,INT_EEF8400C,False,REMISE EFFET/ESCOMPTE AGENCE DU 08 09 2025,-3860.531,187,2025-09-18,agios,INT_EEF8400C,False,REMISE EFFET/ESCOMPTE AGENCE DU 08 09 2025,-3860.531,4
227204,184,2025-09-18,tva,INT_48C40CDF,False,PAYEMENT EFFET 180925TVA  010155479020,-0.057,189,2025-09-18,tva,INT_48C40CDF,False,PAYEMENT EFFET 180925TVA  010155479020,-0.057,5
227205,185,2025-09-18,plo,INT_48C40CDF,False,PAYEMENT EFFET 180925PLO  010155479020,-0.75,190,2025-09-18,plo,INT_48C40CDF,False,PAYEMENT EFFET 180925PLO  010155479020,-0.75,5
227206,186,2025-09-18,com,INT_48C40CDF,False,PAYEMENT EFFET 180925COM  010155479020,-0.3,191,2025-09-18,com,INT_48C40CDF,False,PAYEMENT EFFET 180925COM  010155479020,-0.3,5
227207,187,2025-09-18,origine,INT_48C40CDF,True,PAYEMENT EFFET 180925  010155479020,-26468.153,188,2025-09-18,origine,INT_48C40CDF,True,PAYEMENT EFFET 180925  010155479020,-26468.153,1
227208,188,2025-09-18,tva,INT_1D309829,False,REPRISE ESCOMPTE EFFET REJETE 150925TVA LCN 10155444391,-0.285,193,2025-09-18,tva,INT_1D309829,False,REPRISE ESCOMPTE EFFET REJETE 150925TVA LCN 10155444391,-0.285,5
227209,189,2025-09-18,com,INT_1D309829,False,REPRISE ESCOMPTE EFFET REJETE 150925COM LCN 10155444391,-1.5,194,2025-09-18,com,INT_1D309829,False,REPRISE ESCOMPTE EFFET REJETE 150925COM LCN 10155444391,-1.5,5
227210,190,2025-09-18,origine,INT_1D309829,True,REPRISE ESCOMPTE EFFET REJETE 150925 LCN 10155444391,-31268.47,192,2025-09-18,origine,INT_1D309829,True,REPRISE ESCOMPTE EFFET REJETE 150925 LCN 10155444391,-31268.47,2
227211,191,2025-09-18,tva,INT_3D45A03D,False,REPRISE ESCOMPTE EFFET REJETE 170925TVA LCN 10155486004,-0.285,196,2025-09-18,tva,INT_3D45A03D,False,REPRISE ESCOMPTE EFFET REJETE 170925TVA LCN 10155486004,-0.285,5
227212,192,2025-09-18,com,INT_3D45A03D,False,REPRISE ESCOMPTE EFFET REJETE 170925COM LCN 10155486004,-1.5,197,2025-09-18,com,INT_3D45A03D,False,REPRISE ESCOMPTE EFFET REJETE 170925COM LCN 10155486004,-1.5,5
227213,193,2025-09-18,origine,INT_3D45A03D,True,REPRISE ESCOMPTE EFFET REJETE 170925 LCN 10155486004,-18731.616,195,2025-09-18,origine,INT_3D45A03D,True,REPRISE ESCOMPTE EFFET REJETE 170925 LCN 10155486004,-18731.616,2
227214,194,2025-09-19,origine,INT_76E89654,True,ENCAISSEMENT REMISE CHEQUES DU 18 09 2025 Bordereau No0489003,19335.199,198,2025-09-19,origine,INT_76E89654,True,ENCAISSEMENT REMISE CHEQUES DU 18 09 2025 Bordereau No0489003,19335.199,4
227215,195,2025-09-19,tva,INT_6B9E0821,False,ENCAISSEMENT REMISE CHEQUES TVA Bordereau No0489002,-0.144,200,2025-09-19,tva,INT_6B9E0821,False,ENCAISSEMENT REMISE CHEQUES TVA Bordereau No0489002,-0.144,5
227216,196,2025-09-19,com,INT_6B9E0821,False,ENCAISSEMENT REMISE CHEQUES COMMISSION Bordereau No0489002,-0.75,201,2025-09-19,com,INT_6B9E0821,False,ENCAISSEMENT REMISE CHEQUES COMMISSION Bordereau No0489002,-0.75,5
227217,197,2025-09-19,origine,INT_6B9E0821,True,ENCAISSEMENT REMISE CHEQUES DU 18 09 2025 Bordereau No0489002,22137.278,199,2025-09-19,origine,INT_6B9E0821,True,ENCAISSEMENT REMISE CHEQUES DU 18 09 2025 Bordereau No0489002,22137.278,2
227218,198,2025-09-22,credit de gestion t.v.a.,INT_3B9C830B,False,COMM ETUDE / CREDIT DE GESTION T.V.A.,-190.0,202,2025-09-22,credit de gestion t.v.a.,INT_3B9C830B,False,COMM ETUDE / CREDIT DE GESTION T.V.A.,-190.0,4
227219,199,2025-09-22,credit de gestion commission co etcrges,INT_224E29D7,False,COMM ETUDE / CREDIT DE GESTION COMMISSION CO ETCRGES,-1000.0,203,2025-09-22,credit de gestion commission co etcrges,INT_224E29D7,False,COMM ETUDE / CREDIT DE GESTION COMMISSION CO ETCRGES,-1000.0,4
227220,200,2025-09-22,com / aut db passagere t.v.a.,INT_6182778C,False,COM / AUT DB PASSAGERE T.V.A.,-5.7,204,2025-09-22,com / aut db passagere t.v.a.,INT_6182778C,False,COM / AUT DB PASSAGERE T.V.A.,-5.7,4
227221,201,2025-09-22,com / aut db passagere commission cgespa eps,INT_885F6427,False,COM / AUT DB PASSAGERE COMMISSION CGESPA EPS,-30.0,205,2025-09-22,com / aut db passagere commission cgespa eps,INT_885F6427,False,COM / AUT DB PASSAGERE COMMISSION CGESPA EPS,-30.0,4
227222,202,2025-09-22,tva,INT_19F830FC,False,PAYEMENT EFFET 210925TVA  010155469223,-0.057,207,2025-09-22,tva,INT_19F830FC,False,PAYEMENT EFFET 210925TVA  010155469223,-0.057,5
227223,203,2025-09-22,plo,INT_19F830FC,False,PAYEMENT EFFET 210925PLO  010155469223,-0.75,208,2025-09-22,plo,INT_19F830FC,False,PAYEMENT EFFET 210925PLO  010155469223,-0.75,5
227224,204,2025-09-22,com,INT_19F830FC,False,PAYEMENT EFFET 210925COM  010155469223,-0.3,209,2025-09-22,com,INT_19F830FC,False,PAYEMENT EFFET 210925COM  010155469223,-0.3,5
227225,205,2025-09-22,origine,INT_19F830FC,True,PAYEMENT EFFET 210925  010155469223,-208602.085,206,2025-09-22,origine,INT_19F830FC,True,PAYEMENT EFFET 210925  010155469223,-208602.085,1
227226,206,2025-09-22,tva,INT_F5D0848A,False,PAYEMENT EFFET 220925TVA  010155481639,-0.057,211,2025-09-22,tva,INT_F5D0848A,False,PAYEMENT EFFET 220925TVA  010155481639,-0.057,5
227227,207,2025-09-22,plo,INT_F5D0848A,False,PAYEMENT EFFET 220925PLO  010155481639,-0.75,212,2025-09-22,plo,INT_F5D0848A,False,PAYEMENT EFFET 220925PLO  010155481639,-0.75,5
227228,208,2025-09-22,com,INT_F5D0848A,False,PAYEMENT EFFET 220925COM  010155481639,-0.3,213,2025-09-22,com,INT_F5D0848A,False,PAYEMENT EFFET 220925COM  010155481639,-0.3,5
227229,209,2025-09-22,origine,INT_F5D0848A,True,PAYEMENT EFFET 220925  010155481639,-40445.27,210,2025-09-22,origine,INT_F5D0848A,True,PAYEMENT EFFET 220925  010155481639,-40445.27,1
227230,210,2025-09-22,tva,INT_95F951F5,False,REGLEMENT EFFET/ENCAISSEMENT 210925TVA,-0.057,214,2025-09-22,tva,INT_95F951F5,False,REGLEMENT EFFET/ENCAISSEMENT 210925TVA,-0.057,4
227231,211,2025-09-22,plo,INT_5DC21A11,False,REGLEMENT EFFET/ENCAISSEMENT 210925PLO,-0.75,215,2025-09-22,plo,INT_5DC21A11,False,REGLEMENT EFFET/ENCAISSEMENT 210925PLO,-0.75,4
227232,212,2025-09-22,com,INT_505ACBED,False,REGLEMENT EFFET/ENCAISSEMENT 210925COM,-0.3,216,2025-09-22,com,INT_505ACBED,False,REGLEMENT EFFET/ENCAISSEMENT 210925COM,-0.3,4
227233,213,2025-09-22,,INT_C3FED3D2,False,REGLEMENT EFFET/ENCAISSEMENT 210925,-21832.547,217,2025-09-22,,INT_C3FED3D2,False,REGLEMENT EFFET/ENCAISSEMENT 210925,-21832.547,4
227234,214,2025-09-22,origine,INT_D2FF69AD,True,REMISE EFFETS/ESCOMPTE AGENCE REMISE N:2,294609.571,218,2025-09-22,origine,INT_D2FF69AD,True,REMISE EFFETS/ESCOMPTE AGENCE REMISE N:2,294609.571,4
227235,215,2025-09-22,tva,INT_2B145BE1,False,VIREMENT REÇU 9900326   TVA,-0.095,220,2025-09-22,tva,INT_2B145BE1,False,VIREMENT REÇU 9900326   TVA,-0.095,5
227236,216,2025-09-22,com,INT_2B145BE1,False,VIREMENT REÇU 9900326   Commission,-0.5,221,2025-09-22,com,INT_2B145BE1,False,VIREMENT REÇU 9900326   Commission,-0.5,5
227237,217,2025-09-22,origine,INT_2B145BE1,True,VIREMENT REÇU 9900326   PHARMACIE NOUIRA RAOUF,40000.0,219,2025-09-22,origine,INT_2B145BE1,True,VIREMENT REÇU 9900326   PHARMACIE NOUIRA RAOUF,40000.0,2
227238,218,2025-09-23,,INT_B5968144,False,REMISE EFFET/ENCAISSEMENT DU 17 09 2025,-0.357,222,2025-09-23,,INT_B5968144,False,REMISE EFFET/ENCAISSEMENT DU 17 09 2025,-0.357,4
227239,219,2025-09-23,agios,INT_58B97BB2,False,REMISE EFFET/ESCOMPTE AGENCE DU 10 09 2025,-2807.195,108,2025-09-23,agios,INT_58B97BB2,False,REMISE EFFET/ESCOMPTE AGENCE DU 10 09 2025,-2807.195,-111
227240,220,2025-09-23,agios,INT_326CBF40,False,REMISE EFFET/ESCOMPTE AGENCE DU 02 09 2025,-1784.06,57,2025-09-23,agios,INT_326CBF40,False,REMISE EFFET/ESCOMPTE AGENCE DU 02 09 2025,-1784.06,-163
227241,221,2025-09-23,agios,INT_36FFE347,False,REMISE EFFET/ESCOMPTE AGENCE DU 12 09 2025,-2576.998,152,2025-09-23,agios,INT_36FFE347,False,REMISE EFFET/ESCOMPTE AGENCE DU 12 09 2025,-2576.998,-69
227242,222,2025-09-23,tva,INT_81D5326A,False,REPRISE ESCOMPTE EFFET REJETE 200925TVA LCN 10155485034,-0.285,224,2025-09-23,tva,INT_81D5326A,False,REPRISE ESCOMPTE EFFET REJETE 200925TVA LCN 10155485034,-0.285,2
227243,223,2025-09-23,com,INT_81D5326A,False,REPRISE ESCOMPTE EFFET REJETE 200925COM LCN 10155485034,-1.5,225,2025-09-23,com,INT_81D5326A,False,REPRISE ESCOMPTE EFFET REJETE 200925COM LCN 10155485034,-1.5,2
227244,224,2025-09-23,origine,INT_81D5326A,True,REPRISE ESCOMPTE EFFET REJETE 200925 LCN 10155485034,-53592.784,223,2025-09-23,origine,INT_81D5326A,True,REPRISE ESCOMPTE EFFET REJETE 200925 LCN 10155485034,-53592.784,-1
227245,225,2025-09-23,tva,INT_7B9652BB,False,REPRISE ESCOMPTE EFFET REJETE 200925TVA LCN 10816997971,-0.285,227,2025-09-23,tva,INT_7B9652BB,False,REPRISE ESCOMPTE EFFET REJETE 200925TVA LCN 10816997971,-0.285,2
227246,226,2025-09-23,com,INT_7B9652BB,False,REPRISE ESCOMPTE EFFET REJETE 200925COM LCN 10816997971,-1.5,228,2025-09-23,com,INT_7B9652BB,False,REPRISE ESCOMPTE EFFET REJETE 200925COM LCN 10816997971,-1.5,2
227247,227,2025-09-23,origine,INT_7B9652BB,True,REPRISE ESCOMPTE EFFET REJETE 200925 LCN 10816997971,-6500.0,226,2025-09-23,origine,INT_7B9652BB,True,REPRISE ESCOMPTE EFFET REJETE 200925 LCN 10816997971,-6500.0,-1
227248,228,2025-09-23,tva,INT_A90420D5,False,REPRISE ESCOMPTE EFFET REJETE 220925TVA LCN 10203879013,-0.285,230,2025-09-23,tva,INT_A90420D5,False,REPRISE ESCOMPTE EFFET REJETE 220925TVA LCN 10203879013,-0.285,2
227249,229,2025-09-23,com,INT_A90420D5,False,REPRISE ESCOMPTE EFFET REJETE 220925COM LCN 10203879013,-1.5,231,2025-09-23,com,INT_A90420D5,False,REPRISE ESCOMPTE EFFET REJETE 220925COM LCN 10203879013,-1.5,2
227250,230,2025-09-23,origine,INT_A90420D5,True,REPRISE ESCOMPTE EFFET REJETE 220925 LCN 10203879013,-47043.38,229,2025-09-23,origine,INT_A90420D5,True,REPRISE ESCOMPTE EFFET REJETE 220925 LCN 10203879013,-47043.38,-1
227251,231,2025-09-23,tva,INT_40F65D61,False,REPRISE ESCOMPTE EFFET REJETE 200925TVA LCN 10816986331,-0.285,233,2025-09-23,tva,INT_40F65D61,False,REPRISE ESCOMPTE EFFET REJETE 200925TVA LCN 10816986331,-0.285,2
227252,232,2025-09-23,com,INT_40F65D61,False,REPRISE ESCOMPTE EFFET REJETE 200925COM LCN 10816986331,-1.5,234,2025-09-23,com,INT_40F65D61,False,REPRISE ESCOMPTE EFFET REJETE 200925COM LCN 10816986331,-1.5,2
227253,233,2025-09-23,origine,INT_40F65D61,True,REPRISE ESCOMPTE EFFET REJETE 200925 LCN 10816986331,-26869.447,232,2025-09-23,origine,INT_40F65D61,True,REPRISE ESCOMPTE EFFET REJETE 200925 LCN 10816986331,-26869.447,-1
227254,234,2025-09-24,tva,INT_9E3ED6BA,False,PAYEMENT EFFET 160925TVA  010155480766,-0.057,236,2025-09-24,tva,INT_9E3ED6BA,False,PAYEMENT EFFET 160925TVA  010155480766,-0.057,2
227255,235,2025-09-24,plo,INT_9E3ED6BA,False,PAYEMENT EFFET 160925PLO  010155480766,-0.75,237,2025-09-24,plo,INT_9E3ED6BA,False,PAYEMENT EFFET 160925PLO  010155480766,-0.75,2
227256,236,2025-09-24,com,INT_9E3ED6BA,False,PAYEMENT EFFET 160925COM  010155480766,-0.3,238,2025-09-24,com,INT_9E3ED6BA,False,PAYEMENT EFFET 160925COM  010155480766,-0.3,2
227257,237,2025-09-24,origine,INT_9E3ED6BA,True,PAYEMENT EFFET 160925  010155480766,-18059.272,235,2025-09-24,origine,INT_9E3ED6BA,True,PAYEMENT EFFET 160925  010155480766,-18059.272,-2
227258,238,2025-09-25,agios,INT_4E47DE83,False,REMISE EFFET/ESCOMPTE AGENCE DU 15 09 2025,-7276.187,164,2025-09-25,agios,INT_4E47DE83,False,REMISE EFFET/ESCOMPTE AGENCE DU 15 09 2025,-7276.187,-74
227259,239,2025-09-25,agios,INT_932BCA03,False,REMISE EFFET/ESCOMPTE AGENCE DU 15 09 2025,-1402.857,239,2025-09-25,agios,INT_932BCA03,False,REMISE EFFET/ESCOMPTE AGENCE DU 15 09 2025,-1402.857,0
227260,240,2025-09-25,agios,INT_578AB551,False,REMISE EFFET/ESCOMPTE AGENCE DU 17 09 2025,-1112.345,240,2025-09-25,agios,INT_578AB551,False,REMISE EFFET/ESCOMPTE AGENCE DU 17 09 2025,-1112.345,0
227261,241,2025-09-25,origine,INT_50A11538,True,VIREMENT MEME CLIENT STE PRODTS PHARMACEU,100000.0,241,2025-09-25,origine,INT_50A11538,True,VIREMENT MEME CLIENT STE PRODTS PHARMACEU,100000.0,0
227262,242,2025-09-25,origine,INT_E9D6901A,True,REMISE EFFETS/ESCOMPTE AGENCE REMISE N:1,260641.278,242,2025-09-25,origine,INT_E9D6901A,True,REMISE EFFETS/ESCOMPTE AGENCE REMISE N:1,260641.278,0
227263,243,2025-09-25,tva,INT_9C852CF9,False,PAYEMENT EFFET 250925TVA  010155477759,-0.057,244,2025-09-25,tva,INT_9C852CF9,False,PAYEMENT EFFET 250925TVA  010155477759,-0.057,1
227264,244,2025-09-25,plo,INT_9C852CF9,False,PAYEMENT EFFET 250925PLO  010155477759,-0.75,245,2025-09-25,plo,INT_9C852CF9,False,PAYEMENT EFFET 250925PLO  010155477759,-0.75,1
227265,245,2025-09-25,com,INT_9C852CF9,False,PAYEMENT EFFET 250925COM  010155477759,-0.3,246,2025-09-25,com,INT_9C852CF9,False,PAYEMENT EFFET 250925COM  010155477759,-0.3,1
227266,246,2025-09-25,origine,INT_9C852CF9,True,PAYEMENT EFFET 250925  010155477759,-15100.0,243,2025-09-25,origine,INT_9C852CF9,True,PAYEMENT EFFET 250925  010155477759,-15100.0,-3
227267,247,2025-09-25,tva,INT_2252E261,False,PAYEMENT EFFET 250925TVA  010155477371,-0.057,248,2025-09-25,tva,INT_2252E261,False,PAYEMENT EFFET 250925TVA  010155477371,-0.057,1
227268,248,2025-09-25,plo,INT_2252E261,False,PAYEMENT EFFET 250925PLO  010155477371,-0.75,249,2025-09-25,plo,INT_2252E261,False,PAYEMENT EFFET 250925PLO  010155477371,-0.75,1
227269,249,2025-09-25,com,INT_2252E261,False,PAYEMENT EFFET 250925COM  010155477371,-0.3,250,2025-09-25,com,INT_2252E261,False,PAYEMENT EFFET 250925COM  010155477371,-0.3,1
227270,250,2025-09-25,origine,INT_2252E261,True,PAYEMENT EFFET 250925  010155477371,-12817.623,247,2025-09-25,origine,INT_2252E261,True,PAYEMENT EFFET 250925  010155477371,-12817.623,-3
227271,251,2025-09-25,tva,INT_F128F1C8,False,REGLEMENT EFFET ESCOMPTE 250925TVA,-0.057,251,2025-09-25,tva,INT_F128F1C8,False,REGLEMENT EFFET ESCOMPTE 250925TVA,-0.057,0
227272,252,2025-09-25,plo,INT_47622CEA,False,REGLEMENT EFFET ESCOMPTE 250925PLO,-0.75,252,2025-09-25,plo,INT_47622CEA,False,REGLEMENT EFFET ESCOMPTE 250925PLO,-0.75,0
227273,253,2025-09-25,com,INT_2A6500A0,False,REGLEMENT EFFET ESCOMPTE 250925COM,-0.3,253,2025-09-25,com,INT_2A6500A0,False,REGLEMENT EFFET ESCOMPTE 250925COM,-0.3,0
227274,254,2025-09-25,origine,INT_E94C6B9D,True,REGLEMENT EFFET ESCOMPTE 250925,-157723.73,254,2025-09-25,origine,INT_E94C6B9D,True,REGLEMENT EFFET ESCOMPTE 250925,-157723.73,0
227275,255,2025-09-26,tva,INT_BBC97CD4,False,REPRISE ESCOMPTE EFFET REJETE 250925TVA LCN 10816996516,-0.285,256,2025-09-26,tva,INT_BBC97CD4,False,REPRISE ESCOMPTE EFFET REJETE 250925TVA LCN 10816996516,-0.285,1
227276,256,2025-09-26,com,INT_BBC97CD4,False,REPRISE ESCOMPTE EFFET REJETE 250925COM LCN 10816996516,-1.5,257,2025-09-26,com,INT_BBC97CD4,False,REPRISE ESCOMPTE EFFET REJETE 250925COM LCN 10816996516,-1.5,1
227277,257,2025-09-26,origine,INT_BBC97CD4,True,REPRISE ESCOMPTE EFFET REJETE 250925 LCN 10816996516,-24208.188,255,2025-09-26,origine,INT_BBC97CD4,True,REPRISE ESCOMPTE EFFET REJETE 250925 LCN 10816996516,-24208.188,-2
227278,258,2025-09-26,tva,INT_252884A6,False,REPRISE ESCOMPTE EFFET REJETE 250925TVA LCN 10706219024,-0.285,259,2025-09-26,tva,INT_252884A6,False,REPRISE ESCOMPTE EFFET REJETE 250925TVA LCN 10706219024,-0.285,1
227279,259,2025-09-26,com,INT_252884A6,False,REPRISE ESCOMPTE EFFET REJETE 250925COM LCN 10706219024,-1.5,260,2025-09-26,com,INT_252884A6,False,REPRISE ESCOMPTE EFFET REJETE 250925COM LCN 10706219024,-1.5,1
227280,260,2025-09-26,origine,INT_252884A6,True,REPRISE ESCOMPTE EFFET REJETE 250925 LCN 10706219024,-5515.357,258,2025-09-26,origine,INT_252884A6,True,REPRISE ESCOMPTE EFFET REJETE 250925 LCN 10706219024,-5515.357,-2
227281,261,2025-09-26,tva,INT_71FEC832,False,REPRISE ESCOMPTE EFFET REJETE 250925TVA LCN 10816998165,-0.285,262,2025-09-26,tva,INT_71FEC832,False,REPRISE ESCOMPTE EFFET REJETE 250925TVA LCN 10816998165,-0.285,1
227282,262,2025-09-26,com,INT_71FEC832,False,REPRISE ESCOMPTE EFFET REJETE 250925COM LCN 10816998165,-1.5,263,2025-09-26,com,INT_71FEC832,False,REPRISE ESCOMPTE EFFET REJETE 250925COM LCN 10816998165,-1.5,1
227283,263,2025-09-26,origine,INT_71FEC832,True,REPRISE ESCOMPTE EFFET REJETE 250925 LCN 10816998165,-4000.0,261,2025-09-26,origine,INT_71FEC832,True,REPRISE ESCOMPTE EFFET REJETE 250925 LCN 10816998165,-4000.0,-2
227284,264,2025-09-29,tva,INT_7F3DEEC3,False,PAYEMENT EFFET 280925TVA  010155482124,-0.057,265,2025-09-29,tva,INT_7F3DEEC3,False,PAYEMENT EFFET 280925TVA  010155482124,-0.057,1
227285,265,2025-09-29,plo,INT_7F3DEEC3,False,PAYEMENT EFFET 280925PLO  010155482124,-0.75,266,2025-09-29,plo,INT_7F3DEEC3,False,PAYEMENT EFFET 280925PLO  010155482124,-0.75,1
227286,266,2025-09-29,com,INT_7F3DEEC3,False,PAYEMENT EFFET 280925COM  010155482124,-0.3,267,2025-09-29,com,INT_7F3DEEC3,False,PAYEMENT EFFET 280925COM  010155482124,-0.3,1
227287,267,2025-09-29,origine,INT_7F3DEEC3,True,PAYEMENT EFFET 280925  010155482124,-7285.722,264,2025-09-29,origine,INT_7F3DEEC3,True,PAYEMENT EFFET 280925  010155482124,-7285.722,-3
227288,268,2025-09-29,tva,INT_B01A4751,False,PAYEMENT EFFET 280925TVA  010155482609,-0.057,269,2025-09-29,tva,INT_B01A4751,False,PAYEMENT EFFET 280925TVA  010155482609,-0.057,1
227289,269,2025-09-29,plo,INT_B01A4751,False,PAYEMENT EFFET 280925PLO  010155482609,-0.75,270,2025-09-29,plo,INT_B01A4751,False,PAYEMENT EFFET 280925PLO  010155482609,-0.75,1
227290,270,2025-09-29,com,INT_B01A4751,False,PAYEMENT EFFET 280925COM  010155482609,-0.3,271,2025-09-29,com,INT_B01A4751,False,PAYEMENT EFFET 280925COM  010155482609,-0.3,1
227291,271,2025-09-29,origine,INT_B01A4751,True,PAYEMENT EFFET 280925  010155482609,-2976.416,268,2025-09-29,origine,INT_B01A4751,True,PAYEMENT EFFET 280925  010155482609,-2976.416,-3
227292,272,2025-09-29,tva,INT_7587A251,False,PAYEMENT EFFET 280925TVA  010155481736,-0.057,273,2025-09-29,tva,INT_7587A251,False,PAYEMENT EFFET 280925TVA  010155481736,-0.057,1
227293,273,2025-09-29,plo,INT_7587A251,False,PAYEMENT EFFET 280925PLO  010155481736,-0.75,274,2025-09-29,plo,INT_7587A251,False,PAYEMENT EFFET 280925PLO  010155481736,-0.75,1
227294,274,2025-09-29,com,INT_7587A251,False,PAYEMENT EFFET 280925COM  010155481736,-0.3,275,2025-09-29,com,INT_7587A251,False,PAYEMENT EFFET 280925COM  010155481736,-0.3,1
227295,275,2025-09-29,origine,INT_7587A251,True,PAYEMENT EFFET 280925  010155481736,-6264.254,272,2025-09-29,origine,INT_7587A251,True,PAYEMENT EFFET 280925  010155481736,-6264.254,-3
227296,276,2025-09-29,tva,INT_CF7EE7C9,False,PAYEMENT EFFET 290925TVA  010397000096,-0.057,277,2025-09-29,tva,INT_CF7EE7C9,False,PAYEMENT EFFET 290925TVA  010397000096,-0.057,1
227297,277,2025-09-29,plo,INT_CF7EE7C9,False,PAYEMENT EFFET 290925PLO  010397000096,-0.75,278,2025-09-29,plo,INT_CF7EE7C9,False,PAYEMENT EFFET 290925PLO  010397000096,-0.75,1
227298,278,2025-09-29,com,INT_CF7EE7C9,False,PAYEMENT EFFET 290925COM  010397000096,-0.3,279,2025-09-29,com,INT_CF7EE7C9,False,PAYEMENT EFFET 290925COM  010397000096,-0.3,1
227299,279,2025-09-29,origine,INT_CF7EE7C9,True,PAYEMENT EFFET 290925  010397000096,-81140.711,276,2025-09-29,origine,INT_CF7EE7C9,True,PAYEMENT EFFET 290925  010397000096,-81140.711,-3
227300,280,2025-09-29,tva,INT_D90C7EC0,False,REGLEMENT EFFET ESCOMPTE 280925TVA,-0.057,280,2025-09-29,tva,INT_D90C7EC0,False,REGLEMENT EFFET ESCOMPTE 280925TVA,-0.057,0
227301,281,2025-09-29,plo,INT_0C4FB2EE,False,REGLEMENT EFFET ESCOMPTE 280925PLO,-0.75,281,2025-09-29,plo,INT_0C4FB2EE,False,REGLEMENT EFFET ESCOMPTE 280925PLO,-0.75,0
227302,282,2025-09-29,com,INT_FF39238F,False,REGLEMENT EFFET ESCOMPTE 280925COM,-0.3,282,2025-09-29,com,INT_FF39238F,False,REGLEMENT EFFET ESCOMPTE 280925COM,-0.3,0
227303,283,2025-09-29,origine,INT_E9F6FDB9,True,REGLEMENT EFFET ESCOMPTE 280925,-12850.465,283,2025-09-29,origine,INT_E9F6FDB9,True,REGLEMENT EFFET ESCOMPTE 280925,-12850.465,0
227304,284,2025-09-29,origine,INT_C5509B40,True,PAYEMENT EFFET/ENCAISSEMENT LCN 010155450017,9956.272,284,2025-09-29,origine,INT_C5509B40,True,PAYEMENT EFFET/ENCAISSEMENT LCN 010155450017,9956.272,0
227305,285,2025-09-30,com / aut db passagere t.v.a.,INT_51574D34,False,COM / AUT DB PASSAGERE T.V.A.,-5.7,285,2025-09-30,com / aut db passagere t.v.a.,INT_51574D34,False,COM / AUT DB PASSAGERE T.V.A.,-5.7,0
227306,286,2025-09-30,com / aut db passagere commission cgespa eps,INT_7696E738,False,COM / AUT DB PASSAGERE COMMISSION CGESPA EPS,-30.0,286,2025-09-30,com / aut db passagere commission cgespa eps,INT_7696E738,False,COM / AUT DB PASSAGERE COMMISSION CGESPA EPS,-30.0,0
227307,287,2025-09-30,tva,INT_C514F581,False,REPRISE ESCOMPTE EFFET REJETE 270925TVA LCN 10155486101,-0.285,288,2025-09-30,tva,INT_C514F581,False,REPRISE ESCOMPTE EFFET REJETE 270925TVA LCN 10155486101,-0.285,1
227308,288,2025-09-30,com,INT_C514F581,False,REPRISE ESCOMPTE EFFET REJETE 270925COM LCN 10155486101,-1.5,289,2025-09-30,com,INT_C514F581,False,REPRISE ESCOMPTE EFFET REJETE 270925COM LCN 10155486101,-1.5,1
227309,289,2025-09-30,origine,INT_C514F581,True,REPRISE ESCOMPTE EFFET REJETE 270925 LCN 10155486101,-18731.616,287,2025-09-30,origine,INT_C514F581,True,REPRISE ESCOMPTE EFFET REJETE 270925 LCN 10155486101,-18731.616,-2
227310,290,2025-09-30,tva,INT_E6B6D84D,False,PAYEMENT EFFET 300925TVA  010155481930,-0.057,291,2025-09-30,tva,INT_E6B6D84D,False,PAYEMENT EFFET 300925TVA  010155481930,-0.057,1
227311,291,2025-09-30,plo,INT_E6B6D84D,False,PAYEMENT EFFET 300925PLO  010155481930,-0.75,292,2025-09-30,plo,INT_E6B6D84D,False,PAYEMENT EFFET 300925PLO  010155481930,-0.75,1
227312,292,2025-09-30,com,INT_E6B6D84D,False,PAYEMENT EFFET 300925COM  010155481930,-0.3,293,2025-09-30,com,INT_E6B6D84D,False,PAYEMENT EFFET 300925COM  010155481930,-0.3,1
227313,293,2025-09-30,origine,INT_E6B6D84D,True,PAYEMENT EFFET 300925  010155481930,-76604.764,290,2025-09-30,origine,INT_E6B6D84D,True,PAYEMENT EFFET 300925  010155481930,-76604.764,-3
227314,294,2025-09-30,tva,INT_77EB742C,False,PAYEMENT EFFET 300925TVA  010938872748,-0.057,295,2025-09-30,tva,INT_77EB742C,False,PAYEMENT EFFET 300925TVA  010938872748,-0.057,1
227315,295,2025-09-30,plo,INT_77EB742C,False,PAYEMENT EFFET 300925PLO  010938872748,-0.75,296,2025-09-30,plo,INT_77EB742C,False,PAYEMENT EFFET 300925PLO  010938872748,-0.75,1
227316,296,2025-09-30,com,INT_77EB742C,False,PAYEMENT EFFET 300925COM  010938872748,-0.3,297,2025-09-30,com,INT_77EB742C,False,PAYEMENT EFFET 300925COM  010938872748,-0.3,1
227317,297,2025-09-30,origine,INT_77EB742C,True,PAYEMENT EFFET 300925  010938872748,-50284.789,294,2025-09-30,origine,INT_77EB742C,True,PAYEMENT EFFET 300925  010938872748,-50284.789,-3
227318,298,2025-09-30,tva,INT_8D992A7A,False,PAYEMENT EFFET 300925TVA  010155473006,-0.057,299,2025-09-30,tva,INT_8D992A7A,False,PAYEMENT EFFET 300925TVA  010155473006,-0.057,1
227319,299,2025-09-30,plo,INT_8D992A7A,False,PAYEMENT EFFET 300925PLO  010155473006,-0.75,300,2025-09-30,plo,INT_8D992A7A,False,PAYEMENT EFFET 300925PLO  010155473006,-0.75,1
227320,300,2025-09-30,com,INT_8D992A7A,False,PAYEMENT EFFET 300925COM  010155473006,-0.3,301,2025-09-30,com,INT_8D992A7A,False,PAYEMENT EFFET 300925COM  010155473006,-0.3,1
227321,301,2025-09-30,origine,INT_8D992A7A,True,PAYEMENT EFFET 300925  010155473006,-64275.9,298,2025-09-30,origine,INT_8D992A7A,True,PAYEMENT EFFET 300925  010155473006,-64275.9,-3
227322,302,2025-09-30,tva,INT_090FE8A0,False,PAYEMENT EFFET 280925TVA  010938872554,-0.057,303,2025-09-30,tva,INT_090FE8A0,False,PAYEMENT EFFET 280925TVA  010938872554,-0.057,1
227323,303,2025-09-30,plo,INT_090FE8A0,False,PAYEMENT EFFET 280925PLO  010938872554,-0.75,304,2025-09-30,plo,INT_090FE8A0,False,PAYEMENT EFFET 280925PLO  010938872554,-0.75,1
227324,304,2025-09-30,com,INT_090FE8A0,False,PAYEMENT EFFET 280925COM  010938872554,-0.3,305,2025-09-30,com,INT_090FE8A0,False,PAYEMENT EFFET 280925COM  010938872554,-0.3,1
227325,305,2025-09-30,origine,INT_090FE8A0,True,PAYEMENT EFFET 280925  010938872554,-29482.054,302,2025-09-30,origine,INT_090FE8A0,True,PAYEMENT EFFET 280925  010938872554,-29482.054,-3
227326,306,2025-09-30,tva,INT_E4339177,False,PAYEMENT EFFET 300925TVA  010155474364,-0.057,307,2025-09-30,tva,INT_E4339177,False,PAYEMENT EFFET 300925TVA  010155474364,-0.057,1
227327,307,2025-09-30,plo,INT_E4339177,False,PAYEMENT EFFET 300925PLO  010155474364,-0.75,308,2025-09-30,plo,INT_E4339177,False,PAYEMENT EFFET 300925PLO  010155474364,-0.75,1
227328,308,2025-09-30,com,INT_E4339177,False,PAYEMENT EFFET 300925COM  010155474364,-0.3,309,2025-09-30,com,INT_E4339177,False,PAYEMENT EFFET 300925COM  010155474364,-0.3,1
227329,309,2025-09-30,origine,INT_E4339177,True,PAYEMENT EFFET 300925  010155474364,-95609.513,306,2025-09-30,origine,INT_E4339177,True,PAYEMENT EFFET 300925  010155474364,-95609.513,-3
227330,310,2025-09-30,tva,INT_74128787,False,PAYEMENT EFFET 300925TVA  010155483385,-0.057,311,2025-09-30,tva,INT_74128787,False,PAYEMENT EFFET 300925TVA  010155483385,-0.057,1
227331,311,2025-09-30,plo,INT_74128787,False,PAYEMENT EFFET 300925PLO  010155483385,-0.75,312,2025-09-30,plo,INT_74128787,False,PAYEMENT EFFET 300925PLO  010155483385,-0.75,1
227332,312,2025-09-30,com,INT_74128787,False,PAYEMENT EFFET 300925COM  010155483385,-0.3,313,2025-09-30,com,INT_74128787,False,PAYEMENT EFFET 300925COM  010155483385,-0.3,1
227333,313,2025-09-30,origine,INT_74128787,True,PAYEMENT EFFET 300925  010155483385,-34232.071,310,2025-09-30,origine,INT_74128787,True,PAYEMENT EFFET 300925  010155483385,-34232.071,-3
227334,314,2025-09-30,origine,INT_F49EC625,True,REMISE EFFETS/ESCOMPTE AGENCE REMISE N:2,262505.319,314,2025-09-30,origine,INT_F49EC625,True,REMISE EFFETS/ESCOMPTE AGENCE REMISE N:2,262505.319,0
